1;1;Фанера ФСФ 1800х1200х27 мм бежевая береза;6549922;5100,00
2;2;Мягкие панели прямоугольник велюр цвет оливковый 600х300х35 мм;7018556;1880,00
4;3;Бетонная плитка Белый кирпич микс 30х7,3 см;5028272;2080,00
3;4;Плитка Мозаика 10x10 см цвет белый глянец;8028248;2500,00
4;5;Ламинат Дуб Античный серый 32 класс толщина 8 мм с фаской;9250282;4050,00
2;1;Стеновая панель МДФ Флора 1440x500x10 мм;7130981;2100,56
4;2;Бетонная плитка Красный кирпич 20x6,5 см;5029784;2760,00
4;3;Ламинат Канди Дизайн 33 класс толщина 8 мм с фаской;9658953;3200,96
1;4;Плита ДСП 11 мм влагостойкая 594x1815 мм;6026662;497,69
4;5;Ламинат с натуральным шпоном Дуб Эксперт толщина 6 мм с фаской;9159043;3750,00
3;1;Плитка настенная Формат 20x40 см матовая цвет мята;8588376;2500,00
1;2;Плита ДСП Кантри 16 мм 900x1200 мм;6758375;1050,96
2;3;Стеновая панель МДФ Сосна Полярная 60х280х4мсм цвет коричневый;7759324;1700,00
4;4;Клинкерная плитка коричневая 29,8х29,8 см;5118827;860,00
3;5;Плитка настенная Цветок 60x120 см цвет зелено-голубой;8559898;2300,00
2;1;Пробковое настенное покрытие 600х300х3 мм белый ;7259474;3300,00
3;2;Плитка настенная Нева 30x60 см цвет серый;8115947;1700,00
4;3;Гипсовая плитка настенная Дом на берегу кирпич белый 18,5х4,5 см;5033136;499,00
4;4;Ламинат Дуб Северный белый 32 класс толщина 8 мм с фаской;9028048;2550,00
1;5;Дерево волокнистая плита Дуб Винтаж 1200х620х3 мм светло-коричневый;6123459;900,50
1;1;Плитка  настенная Цветок 60x120 см цвет зелено-голубой;6123459;900,00
